{"cameraMode":{"drawMode":0,"name":"Shaded","section":"Shading Mode"},"sceneLighting":false,"audioPlay":false,"sceneViewState":{"m_AlwaysRefresh":false,"showFog":true,"showSkybox":false,"showFlares":true,"showImageEffects":true,"showParticleSystems":true,"showVisualEffectGraphs":true,"m_FxEnabled":true},"in2DMode":false,"pivot":{"x":0.1098189651966095,"y":9.305490493774414,"z":22.578227996826173},"rotation":{"x":-0.00743913883343339,"y":-0.9839547872543335,"z":0.17327195405960084,"w":-0.0422302670776844},"size":1.8571715354919434,"orthographic":false}