{"cameraMode":{"drawMode":0,"name":"Shaded","section":"Shading Mode"},"sceneLighting":false,"audioPlay":false,"sceneViewState":{"m_AlwaysRefresh":false,"showFog":true,"showSkybox":false,"showFlares":true,"showImageEffects":true,"showParticleSystems":true,"showVisualEffectGraphs":true,"m_FxEnabled":true},"in2DMode":false,"pivot":{"x":-1.4255000352859498,"y":0.8059074282646179,"z":7.368500232696533},"rotation":{"x":0.006935516372323036,"y":0.9754316210746765,"z":-0.21802091598510743,"w":0.031024832278490068},"size":0.4372822642326355,"orthographic":false}